customerID,gender,SeniorCitizen,Partner,Dependents,tenure,PhoneService,InternetService,MonthlyCharges,TotalCharges,Churn
ID000,Female,0,Yes,Yes,11,No,Fiber optic,117.38,1291.18,Yes
ID001,Male,0,Yes,No,67,No,No,47.69,3195.23,No
ID002,Male,1,No,No,31,Yes,Fiber optic,99.79,3093.49,Yes
ID003,Male,0,Yes,No,48,No,DSL,68.61,3293.28,No
ID004,Female,1,No,No,52,Yes,Fiber optic,46.9,2438.8,Yes
ID005,Female,0,Yes,Yes,50,No,No,110.74,5537.0,No
ID006,Female,0,No,No,45,No,No,35.24,1585.8,Yes
ID007,Female,0,No,Yes,30,Yes,No,79.14,2374.2,Yes
ID008,Female,0,Yes,No,50,No,Fiber optic,74.19,3709.5,Yes
ID009,Female,1,No,No,29,No,DSL,46.94,1361.26,Yes
ID010,Female,1,Yes,No,52,Yes,DSL,75.25,3913.0,No
ID011,Female,0,No,No,5,Yes,Fiber optic,76.29,381.45,No
ID012,Male,1,Yes,No,72,Yes,DSL,58.28,4196.16,Yes
ID013,Male,0,No,No,48,No,Fiber optic,33.91,1627.68,No
ID014,Female,0,No,Yes,68,No,DSL,45.83,3116.44,No
ID015,Male,1,Yes,Yes,18,Yes,DSL,63.58,1144.44,No
ID016,Female,1,Yes,No,39,No,No,53.12,2071.68,No
ID017,Female,0,No,No,3,No,Fiber optic,32.26,96.78,No
ID018,Female,0,No,Yes,19,No,DSL,72.48,1377.12,Yes
ID019,Male,1,Yes,Yes,44,No,DSL,26.94,1185.36,Yes
ID020,Male,1,Yes,Yes,28,No,DSL,108.56,3039.68,Yes
ID021,Male,1,Yes,No,65,Yes,DSL,104.2,6773.0,Yes
ID022,Male,0,No,No,48,No,DSL,42.03,2017.44,No
ID023,Male,1,No,Yes,28,No,DSL,22.88,640.64,Yes
ID024,Female,1,Yes,No,32,Yes,Fiber optic,67.12,2147.84,Yes
ID025,Female,0,No,Yes,31,Yes,No,115.11,3568.41,Yes
ID026,Female,0,No,No,59,Yes,DSL,96.86,5714.74,Yes
ID027,Male,1,No,No,21,No,No,49.34,1036.14,No
ID028,Female,0,Yes,No,9,Yes,Fiber optic,104.35,939.15,Yes
ID029,Female,1,Yes,No,2,No,Fiber optic,39.14,78.28,No
ID030,Male,1,Yes,Yes,27,No,DSL,82.03,2214.81,No
ID031,Male,1,Yes,Yes,10,Yes,No,72.08,720.8,Yes
ID032,Male,1,Yes,Yes,14,Yes,DSL,27.79,389.06,Yes
ID033,Female,1,No,Yes,14,Yes,Fiber optic,21.43,300.02,No
ID034,Male,0,No,Yes,29,No,Fiber optic,112.47,3261.63,Yes
ID035,Female,0,No,Yes,43,No,No,42.31,1819.33,Yes
ID036,Female,0,Yes,Yes,27,No,No,67.46,1821.42,No
ID037,Female,0,Yes,No,16,Yes,No,105.17,1682.72,No
ID038,Female,0,No,Yes,72,Yes,Fiber optic,68.64,4942.08,Yes
ID039,Male,0,No,Yes,9,Yes,No,90.54,814.86,Yes
ID040,Female,0,Yes,No,21,No,No,35.0,735.0,No
ID041,Male,0,Yes,Yes,45,Yes,No,21.58,971.1,Yes
ID042,Female,0,No,No,70,Yes,No,111.36,7795.2,Yes
ID043,Male,0,Yes,No,22,No,DSL,106.13,2334.86,No
ID044,Female,1,Yes,No,24,Yes,DSL,76.19,1828.56,Yes
ID045,Male,0,No,No,35,Yes,No,83.05,2906.75,Yes
ID046,Female,0,No,No,56,No,No,31.2,1747.2,Yes
ID047,Male,1,No,Yes,33,No,Fiber optic,41.94,1384.02,No
ID048,Female,0,No,Yes,48,No,No,85.93,4124.64,No
ID049,Male,0,Yes,Yes,69,No,No,39.05,2694.45,Yes
